{
  "random_forest": {
    "train": {
      "r2": 0.996371411125559,
      "rmse": 0.8657871026656595,
      "mae": 0.5829298843225961,
      "mape": 0.8691038359022929
    },
    "validation": {
      "r2": 0.9919435597505816,
      "rmse": 1.2911237584820419,
      "mae": 0.9323021242753494,
      "mape": 1.2926414748135855
    },
    "test": {
      "r2": 0.9898263523704798,
      "rmse": 1.2718051423983123,
      "mae": 0.8558013612256417,
      "mape": 1.2787728302412023
    },
    "cross_validation": {
      "mean_r2": 0.99128582827852,
      "std_r2": 0.0030266133279041357,
      "scores": [
        0.9941357712664396,
        0.9922398425862566,
        0.9905666592397011,
        0.9937117120794,
        0.9857751562208025
      ]
    },
    "prediction_analysis": {
      "train_pred_mean": 67.27350494561273,
      "train_pred_std": 14.116058915234301,
      "val_pred_mean": 66.60217887869258,
      "val_pred_std": 13.994022702284312,
      "test_pred_mean": 66.75597274953459,
      "test_pred_std": 12.836056412817138
    }
  },
  "gradient_boosting": {
    "train": {
      "r2": 0.9999957229787027,
      "rmse": 0.029724388988825463,
      "mae": 0.012774476553984273,
      "mape": 0.021921523301354766
    },
    "validation": {
      "r2": 0.9989642307847828,
      "rmse": 0.4629432722129388,
      "mae": 0.34682308715838156,
      "mape": 0.496790210189833
    },
    "test": {
      "r2": 0.9991352132009941,
      "rmse": 0.37079746524041013,
      "mae": 0.3111732271357145,
      "mape": 0.4999574000118267
    },
    "cross_validation": {
      "mean_r2": 0.9992488157426827,
      "std_r2": 0.00029034718577544574,
      "scores": [
        0.9993386890265324,
        0.9990876277496799,
        0.9994906220802324,
        0.9995600826411709,
        0.9987670572157974
      ]
    },
    "prediction_analysis": {
      "train_pred_mean": 67.30292328855336,
      "train_pred_std": 14.371881135635224,
      "val_pred_mean": 66.51500932226493,
      "val_pred_std": 14.383230961470366,
      "test_pred_mean": 66.09296250149792,
      "test_pred_std": 12.742669475989418
    }
  },
  "xgboost": {
    "train": {
      "r2": 0.9999934989578491,
      "rmse": 0.036646602764208516,
      "mae": 0.024459421894337623,
      "mape": 0.03972028471471261
    },
    "validation": {
      "r2": 0.9982251698155942,
      "rmse": 0.6060028695351583,
      "mae": 0.4468692016601556,
      "mape": 0.6497651464636203
    },
    "test": {
      "r2": 0.9978284411887488,
      "rmse": 0.5875813852228364,
      "mae": 0.46570127313787296,
      "mape": 0.7067614063244829
    },
    "cross_validation": {
      "mean_r2": 0.9956196662126386,
      "std_r2": 0.0023315033853678244,
      "scores": [
        0.9976191514790892,
        0.9943447267945508,
        0.9975377507699418,
        0.9916164363737741,
        0.9969802656458373
      ]
    },
    "prediction_analysis": {
      "train_pred_mean": "67.3029",
      "train_pred_std": "14.370412",
      "val_pred_mean": "66.15907",
      "val_pred_std": "14.29508",
      "test_pred_mean": "65.83238",
      "test_pred_std": "12.653466"
    }
  },
  "lightgbm": {
    "train": {
      "r2": 0.9998322141423085,
      "rmse": 0.18617437553389493,
      "mae": 0.13283379901827877,
      "mape": 0.2011961304169861
    },
    "validation": {
      "r2": 0.9964283920090421,
      "rmse": 0.8596628723336032,
      "mae": 0.577146610790424,
      "mape": 0.8784458748990543
    },
    "test": {
      "r2": 0.9962960668584868,
      "rmse": 0.7673858737195783,
      "mae": 0.6351223525046753,
      "mape": 0.9327107968686336
    },
    "cross_validation": {
      "mean_r2": 0.9969622472992556,
      "std_r2": 0.0013060679406536508,
      "scores": [
        0.9982587677258126,
        0.9978696982461022,
        0.9977098939924365,
        0.9962312988929555,
        0.9947415776389713
      ]
    },
    "prediction_analysis": {
      "train_pred_mean": 67.30275407903687,
      "train_pred_std": 14.361271234444384,
      "val_pred_mean": 66.61255881505434,
      "val_pred_std": 14.343756436921316,
      "test_pred_mean": 66.10787269595853,
      "test_pred_std": 12.648224776736306
    }
  },
  "extra_trees": {
    "train": {
      "r2": 0.9960657000325732,
      "rmse": 0.9015212422054973,
      "mae": 0.7145164369148126,
      "mape": 1.0987106219573581
    },
    "validation": {
      "r2": 0.9872194300769394,
      "rmse": 1.626190381268595,
      "mae": 1.2225563256743548,
      "mape": 1.7596654935527583
    },
    "test": {
      "r2": 0.98927890090242,
      "rmse": 1.3055751826004482,
      "mae": 1.0308459789788949,
      "mape": 1.5573254671341545
    },
    "cross_validation": {
      "mean_r2": 0.9878394581826682,
      "std_r2": 0.0035260740176448735,
      "scores": [
        0.9893383712320621,
        0.9884590325077605,
        0.982481232692571,
        0.9930354176534802,
        0.9858832368274668
      ]
    },
    "prediction_analysis": {
      "train_pred_mean": 67.30267326732672,
      "train_pred_std": 14.073353499082966,
      "val_pred_mean": 66.8943868284046,
      "val_pred_std": 14.003190682908016,
      "test_pred_mean": 66.8176099841664,
      "test_pred_std": 12.877451940439583
    }
  },
  "ridge": {
    "train": {
      "r2": 0.9979883949805348,
      "rmse": 0.644634559820225,
      "mae": 0.5154540107665967,
      "mape": 0.7525771663163706
    },
    "validation": {
      "r2": 0.9975764973375472,
      "rmse": 0.7081382088752223,
      "mae": 0.5483694461962249,
      "mape": 0.8180499301332825
    },
    "test": {
      "r2": 0.9924540937237308,
      "rmse": 1.0953122233688193,
      "mae": 0.8355131223337667,
      "mape": 1.2490940401437212
    },
    "cross_validation": {
      "mean_r2": 0.9957046825416835,
      "std_r2": 0.0018028848274632778,
      "scores": [
        0.9971389796402248,
        0.9953267671229388,
        0.9946260075422664,
        0.9982543476694652,
        0.9931773107335231
      ]
    },
    "prediction_analysis": {
      "train_pred_mean": 67.30267326732672,
      "train_pred_std": 14.298528385645346,
      "val_pred_mean": 66.61897121731177,
      "val_pred_std": 14.780916751034823,
      "test_pred_mean": 66.56888397143892,
      "test_pred_std": 12.922750090572105
    }
  },
  "svr": {
    "train": {
      "r2": 0.3513563257652147,
      "rmse": 11.57564829864047,
      "mae": 9.547186609278771,
      "mape": 16.676380766482197
    },
    "validation": {
      "r2": 0.37536570742937925,
      "rmse": 11.368657669048726,
      "mae": 9.538319460887854,
      "mape": 16.785999270357433
    },
    "test": {
      "r2": 0.0704828602562918,
      "rmse": 12.156566554073432,
      "mae": 10.000876649020158,
      "mape": 17.56449187639837
    },
    "cross_validation": {
      "mean_r2": 0.31902171314284306,
      "std_r2": 0.1322058118055057,
      "scores": [
        0.24564917261083785,
        0.10972470096729225,
        0.33296907847155266,
        0.4842274041840079,
        0.4225382094805247
      ]
    },
    "prediction_analysis": {
      "train_pred_mean": 71.47623659289897,
      "train_pred_std": 4.98852797719834,
      "val_pred_mean": 70.99581586566018,
      "val_pred_std": 4.942955052504331,
      "test_pred_mean": 72.1453825358623,
      "test_pred_std": 4.8473241921221835
    }
  },
  "ensemble": {
    "train": {
      "r2": 0.9996808304479692,
      "rmse": 0.25677512936491725,
      "mae": 0.19328029482089926,
      "mape": 0.279520194005299
    },
    "validation": {
      "r2": 0.9993634581200914,
      "rmse": 0.36291905284706083,
      "mae": 0.28156420763505513,
      "mape": 0.3985445650941769
    },
    "test": {
      "r2": 0.9985882841361987,
      "rmse": 0.4737572601531209,
      "mae": 0.3431060922108587,
      "mape": 0.487604909659817
    },
    "cross_validation": {
      "mean_r2": 0.9984002699160024,
      "std_r2": 0.0003268013738876349,